,type,sym1,tongue,pulse,disease,sym2,treat,herb,herb_all,note,sym_all,sym_cnt,match_cnt,match_ratio
0,心氣虛證,"心悸,怔仲,氣短乏力,胸悶不適,神疲自汗",舌淡、苔薄,脈細弱,驚悸,"心中空虛,惶惶不安,多畏善恐,惕然而驚,神疲乏力",治宜養心益氣、安神定悸,養心湯(《證治準繩》),"1.養心湯(《證治準繩》)<炙黃芪、茯神、茯苓、半夏粬、當歸、川芎、炒遠志、炒酸棗仁、肉桂、柏子仁、五味子、人參、炙甘草、生薑、大棗>。
2. 歸脾湯(《婦人良方》) <黃芪、人參、白朮、茯神、龍眼肉、酸棗仁、木香、​炙甘草、當歸、遠志、大棗、生薑>。",,"['胸悶不適', '怔仲', '多畏善恐', '心中空虛', '心悸', '神疲自汗', '惕然而驚', '氣短乏力', '惶惶不安', '神疲乏力']",10,,
1,心血虛證,"心悸,怔忡,心煩失眠,多夢,易驚",舌色淡,脈細弱,心悸,"心悸,善忘,心煩,少寐,頭暈",治宜養陰補血,四物湯(《和劑局方》),四物湯(《和劑局方》)<熟地、當歸、川芎、芍藥>加酸棗仁、柏子仁、遠志。,,"['多夢', '善忘', '易驚', '心煩', '頭暈', '心悸', '怔忡', '心煩失眠', '少寐']",9,,
2,心陰虛證,"心悸,怔忡,胸痛胸悶,健忘,失眠",舌紅少津,脈細數,不寐,"心悸,五心煩熱,不易入睡,舌紅",治宜滋陰清熱,交泰丸(《韓氏醫通》》,"1.         交泰丸(《韓氏醫通》》[生川連、肉桂心]。
2. 黃連阿膠湯(《傷寒論》)[黃連、黃芩、芍藥、雞子黃、阿膠]。",,"['五心煩熱', '心悸', '胸痛胸悶', '怔忡', '健忘', '不易入睡', '舌紅', '失眠']",8,,
3,心陽虛證,"心悸,心中空虛,惕惕而動,心胸憋悶,形寒肢冷",舌淡、苔白、舌體胖嫩,脈細弱、脈結代、脈遲,心悸,"心悸,心中空虛,驚惕而動",治宜溫通心陽,桂枝甘草龍骨牡蠣湯《傷寒論》,"桂枝甘草龍骨牡蠣湯(《傷寒論》)<桂枝、甘草、牡蠣、龍骨>。
。",,"['惕惕而動', '心中空虛', '心悸', '形寒肢冷', '驚惕而動', '心胸憋悶']",6,,
4,心陽暴脫證,"先有心悸氣短,動則尤甚,畏寒,面色晦滯,心胸憋悶",舌淡、舌紫暗胖嫩、,脈沉細、脈結代、脈微欲絕,胸痹,"胸痛徹背,心悸氣短,面色蒼白,喘息不得臥,大汗淋漓",治宜回陽救逆,參附龍牡湯(《中醫症狀鑒別診斷學》),1.參附龍牡湯(《中醫症狀鑒別診斷學》)<參附湯（人參、附子、生薑、大棗）加龍骨、牡蠣>。,,"['心悸氣短', '喘息不得臥', '胸痛徹背', '畏寒', '面色晦滯', '面色蒼白', '動則尤甚', '先有心悸氣短', '大汗淋漓', '心胸憋悶']",10,,
5,心血氣虛兩證,"心悸,氣短,自汗,憋悶,倦怠乏力",舌質淡,脈弱,心悸,"心悸不寧,自覺心中空虛,面色晄白,神疲體倦,自汗",治宜補氣養血、養心寧神,歸脾湯(《濟生方》),歸脾湯(《濟生方》)：<甘草、生薑、大棗、白朮、當歸、茯神、黃耆、龍眼肉、木香、人參、酸棗仁、遠志>。,,"['自汗', '面色晄白', '心悸不寧', '心悸', '氣短', '倦怠乏力', '憋悶', '自覺心中空虛', '神疲體倦']",9,,
6,心氣陰兩虛證,"心悸怔忡,氣短乏力,心神不寧,失眠,虛煩",舌邊尖紅、舌苔少、舌質淡而光剝,脈細數、脈結代,心悸,"心中動悸,惕惕不安,氣短胸悶,手足心熱,多夢",治宜益氣養陰而寧心,天王補心丹(《世醫得效方》),天王補心丹(《世醫得效方》)：<生地黃、人參、茯苓、遠志、石菖蒲、玄參、柏子仁、桔梗、天門冬、丹參、酸棗仁、甘草、麥門冬、百部、杜仲、茯神、五味子、當歸>,,"['多夢', '心神不寧', '心悸怔忡', '虛煩', '氣短乏力', '心中動悸', '氣短胸悶', '失眠', '手足心熱', '惕惕不安']",10,,
7,心火亢盛證,"口舌生瘡,心中煩熱,急躁失眠,口渴,欲冷飲",舌紅,脈數,血淋,"尿血,口舌糜爛,心中煩熱,吐血,衄血",治宜清心瀉火、涼血止血,導赤散(《小兒藥證直訣》)：,"1.   導赤散(《小兒藥證直訣》)：<淡竹葉、生地黃、甘草、木通>。
2.尿血多者、宜小薊飲子(《濟生方》)：<梔子、甘草、淡竹葉、當歸、滑石、木通、蒲黃、生地黃、小薊、藕節>。",,"['口舌生瘡', '欲冷飲', '口渴', '心中煩熱', '衄血', '急躁失眠', '吐血', '尿血', '口舌糜爛']",9,,
8,心脈痹阻證,"胸悶不舒,心痛,心前區痛,胸骨後痛,引臂內側痛",舌質紫黯、舌邊有瘀斑,脈澀、脈結代、脈沉弦,胸痹,"胸悶氣憋,隱隱作痛,心悸,舌苔薄,舌苔膩",治當通陽、宣痹、散寒,栝蔞薤白半夏湯(《金匱要略》)：,"1. 栝蔞薤白半夏湯(《金匱要略》)：<栝蔞實、薤白、半夏、白酒>。
2.烏頭赤石脂丸(《金匱要略》)：<蜀椒、烏頭、附子、乾薑、赤石脂>加入丹參、紅花、桃仁、香附等活血理氣之品。",,"['胸骨後痛', '胸悶不舒', '引臂內側痛', '心悸', '心前區痛', '舌苔膩', '舌苔薄', '心痛', '隱隱作痛', '胸悶氣憋']",10,,
9,痰火擾心證,"心悸,心煩,面赤,口乾,失眠多夢",舌苔黃膩,脈滑數,癲狂,"心煩,心悸,胡言亂語,狂躁妄動,大便乾",治宜滌痰清火、鎮心安神,生鐵落飲(《醫學心悟》),生鐵落飲(《醫學心悟》)：<天冬（去心）、麥冬（去心）、貝母、膽星、橘紅、遠志肉、石菖蒲、連翹、茯苓、茯神、元參、鉤藤、丹參、辰砂、生鐵落>。,,"['面赤', '胡言亂語', '心煩', '心悸', '口乾', '狂躁妄動', '大便乾', '失眠多夢']",8,,
10,水氣淩心證,"心悸,眩暈,噁心嘔吐,形寒肢冷,氣短",舌苔白膩,脈沉弦、脈細滑,心悸,"心悸,氣短,胸悶,形寒肢冷,舌質淡",治宜益氣溫陽行水,桂枝甘草龍骨牡蠣湯(《傷寒論》,桂枝甘草龍骨牡蠣湯(《傷寒論》)：<桂枝（去皮）、甘草（炙）、牡蠣（熬）、龍骨>,,"['胸悶', '噁心嘔吐', '心悸', '氣短', '舌質淡', '眩暈', '形寒肢冷']",7,,
11,肝血虛證,"面色蒼白,面色萎黃,形體消瘦,兩目乾澀,夜盲",舌淡白,脈細、脈弦細,虛勞,"面色不華,形體消瘦,手足肢體麻木,筋脈拘急,爪甲脆而枯薄",治宜補血養肝, 補肝湯(《 醫宗金鑑》), 補肝湯(《 醫宗金鑑》)：<當歸、川芎 、白芍、熟地黃、酸棗仁、甘草炙、木瓜>。,,"['筋脈拘急', '夜盲', '面色蒼白', '爪甲脆而枯薄', '手足肢體麻木', '形體消瘦', '面色萎黃', '面色不華', '兩目乾澀']",9,,
12,肝陰虛證,"眩暈,頭痛,目乾,目畏光,兩目昏花",舌鮮紅、舌少苔,脈弦細數,脅痛,"脅肋隱痛,悠悠不休,舌紅少苔,脈弦細而數",治宜養陰柔肝,一貫煎(《柳州醫話》),一貫煎(《柳州醫話》)：<沙參、麥門冬、當歸、生地黃、枸杞子、川楝子>。,,"['頭痛', '舌紅少苔', '目乾', '目畏光', '悠悠不休', '脈弦細而數', '兩目昏花', '脅肋隱痛', '眩暈']",9,,
13,肝陽虛證,"憂鬱善恐,泱泱不樂,眼生黑花,視物不明,形寒怯冷",舌淡、苔白,脈沉細弦遲、左關沉弱,驚恐,驚與恐並見,治在培補肝膽、扶持元氣、兼鎮心神,龍齒清魂散(《類證治裁》),"1.   龍齒清魂散(《類證治裁》) ：<龍齒、遠志、人參、歸身、茯神、麥冬、桂心、甘草、延胡、細辛>。 
2. 珍珠母丸(《普濟本事方》) ：<珍珠母 當歸 熟地黃 人參 酸棗仁 柏子仁 犀角(禁用) 茯神 沉香 龍骨 薄荷>。",,"['形寒怯冷', '憂鬱善恐', '視物不明', '驚與恐並見', '眼生黑花', '泱泱不樂']",6,,
14,肝氣鬱結證,"精神抑鬱,胸脅滿悶,胸脅疼痛,善太息,乳房脹痛",苔薄,脈弦,癲症,"精神抑鬱,自言自語,語無倫次,哭笑無常,時悲時喜",治宜開鬱化痰,逍遙散(《和劑局方》,逍遙散(《和劑局方》)：<甘草、生薑、白芍、白朮、薄荷、柴胡、當歸、茯苓>合溫膽湯(《千金方》)：<半夏、竹茹、枳實、橘皮、甘草、生薑>。,,"['時悲時喜', '哭笑無常', '胸脅疼痛', '精神抑鬱', '乳房脹痛', '自言自語', '善太息', '語無倫次', '胸脅滿悶']",9,,
15,肝火上炎證,"眩暈頭痛,耳鳴如潮,突然耳聾失聽,面紅目赤,口苦咽乾",舌邊尖紅、舌苔黃,脈弦數,頭痛,"巔頂頭痛,頭痛如刀劈,頭痛脹悶不舒,頭部筋脈跳動擊痛,眩暈",治宜苦寒直折、清肝瀉火,龍膽瀉肝湯(《醫宗金鑑》,龍膽瀉肝湯(《醫宗金鑑》)：<甘草、柴胡、車前子、當歸、黃芩、龍膽、木通、生地黃、澤瀉、梔子>。,,"['眩暈頭痛', '頭痛如刀劈', '巔頂頭痛', '口苦咽乾', '面紅目赤', '突然耳聾失聽', '頭痛脹悶不舒', '耳鳴如潮', '眩暈', '頭部筋脈跳動擊痛']",10,,
16,肝陽上亢證,"頭暈,頭微脹,頭痛,目眩畏光,視物不清",舌邊紅、苔薄黃、苔薄白,脈弦細、脈弦細數。,頭痛,"跳痛樣,暴怒加重,睡眠不寧,煩躁易怒,脅痛",治宜平肝潛陽,天麻鉤藤飲(《雜病證治新義》),天麻鉤藤飲(《雜病證治新義》)：<梔子、川牛膝、杜仲、茯神、鈎藤、黃芩、桑寄生、石決明、天麻、夜交藤、益母草>去天麻、梔子、益母草，加菊花、夏枯草、苦丁茶、珍珠母之類。,,"['頭痛', '跳痛樣', '頭暈', '煩躁易怒', '頭微脹', '睡眠不寧', '暴怒加重', '脅痛', '目眩畏光', '視物不清']",10,,
17,肝風內動證,"眩暈,頭痛,耳鳴,口眼窩斜,昏撲失語",舌紅絳乾燥,脈弦數兼滑兼長、脈細數無力、脈細弦、脈虛弱。,眩暈,"頭痛,頭目眩暈如坐舟車,頭痛,頭暈,目酸畏光",治宜育陰潛陽、平肝熄風,鎮肝熄風湯 (《醫學衷中參西錄》,"1.   鎮肝熄風湯 (《醫學衷中參西錄》)：<懷牛膝、生赭石、生龍骨、生牡蠣、生龜板、生杭芍、玄參、天冬、川楝子、生麥芽、茵陳、甘草>。
2.羚角鉤藤湯(《通俗傷寒論》) ：<甘草、白芍、川貝母、茯神、鈎藤、菊花、桑葉、生地黃、羚羊角>去鮮生地、川貝母、桑葉、竹茹，再加生石決、生牡蠣、珍珠母、夜交藤、合歡花。",,"['頭痛', '頭暈', '口眼窩斜', '昏撲失語', '頭目眩暈如坐舟車', '目酸畏光', '眩暈', '耳鳴']",8,,
18,肝血瘀滯證,"面色青黑不華,脅下痞硬作痛,腹脹,體倦,納呆",舌質暗紅、舌邊有瘀斑,脈弦,脅痛,"胸脅刺痛固定不移,入夜更甚,脅下有痞塊,舌質紫暗,脈弦澀",治宜理氣活血化瘀,血府逐瘀湯(《醫林改錯》),血府逐瘀湯(《醫林改錯》)：<甘草、柴胡、赤芍、川芎、當歸、紅花、桔梗、川牛膝、生地黃、桃仁、枳殼>加減。,,"['脈弦澀', '脅下痞硬作痛', '納呆', '舌質紫暗', '體倦', '面色青黑不華', '脅下有痞塊', '腹脹', '入夜更甚', '胸脅刺痛固定不移']",10,,
19,肝經濕熱證,"黃疸,脅脹痛,飲食衰少,口苦,惡聞葷腥",苔白膩微黃，苔黃膩,脈濡數，弦滑數,黃疸,"一身面目悉黃,脅痛,口苦,惡聞葷腥,體倦乏力",治宜宣氣化濕清熱,二金湯(《溫病條辨》),"濕偏重者 :  
二金湯(《溫病條辨》)茵陳、梔子（擘）、大黃（去皮）<雞內金、海金沙、厚朴、大腹皮、豬苓、白通草>加茵陳。",,"['體倦乏力', '脅痛', '惡聞葷腥', '脅脹痛', '黃疸', '飲食衰少', '口苦', '一身面目悉黃']",8,,
20,寒滯肝脈證,"下腹脹痛,牽引睾丸墜痛,陰囊收縮,得熱痛緩,畏寒肢冷",舌苔白滑,脈沉弦、沉緊而遲,疝氣,"少腹牽引睾丸墜脹疼痛,痛勢悠悠,形寒肢冷,舌苔白滑,脈沉弦",治宜暖肝散寒，溫通並用,暖肝煎(《景岳全書》),暖肝煎(《景岳全書》)：<當歸、枸杞、茯苓、小茴香、肉桂、烏藥、沉香（木香亦可）。,,"['得熱痛緩', '舌苔白滑', '下腹脹痛', '少腹牽引睾丸墜脹疼痛', '陰囊收縮', '脈沉弦', '畏寒肢冷', '牽引睾丸墜痛', '形寒肢冷', '痛勢悠悠']",10,,
21,脾氣虛證,"食欲不振,食入即飽,食後腹脹滿,口不知味,全不思食",舌質淡、舌質淡胖有齒痕、舌苔薄白,脈弱無力,泄瀉,"久瀉不愈,穀食不化,大便時溏時瀉時輕時重,多食腹脹腸鳴,進油膩飲食腹脹腸鳴",治宜健脾止瀉,四君子湯：《景岳全書。雜證謨》," (《景岳全書。雜證謨》)
1. 四君子湯：<人參、白朮、茯苓、炙甘草、加薑、棗>。
2. 參朮湯：<人參、白朮、黃耆、白茯苓、陳皮、炙甘草、甚者加製附子>。
3. 參苓白朮散：<甘草、生薑、大棗、白扁豆、白朮、茯苓、桔梗、蓮子、人參、砂仁、山藥、薏苡仁>。",,"['食後腹脹滿', '口不知味', '進油膩飲食腹脹腸鳴', '穀食不化', '大便時溏時瀉時輕時重', '食入即飽', '多食腹脹腸鳴', '全不思食', '食欲不振', '久瀉不愈']",10,,
22,脾陽虛證,"畏寒肢冷,食欲減退,脘腹冷痛,喜溫喜按,大便清稀",舌質淡胖、舌質淡胖有齒痕,脈沉細弱,泄瀉,"暴注水瀉,慢性腹瀉,飲食不化,纏綿不愈,時輕時重",治當調理元氣、溫中健脾,養中煎(《景岳全書》),"1. 養中煎(《景岳全書》)：<人參、山藥、白扁豆、炙甘草、茯苓、乾薑>。
2. 溫胃飲(《景岳全書》)：<人參、白朮、扁豆、陳皮、乾薑、炙甘草、當歸>加減。",,"['食欲減退', '飲食不化', '暴注水瀉', '脘腹冷痛', '慢性腹瀉', '畏寒肢冷', '喜溫喜按', '時輕時重', '纏綿不愈', '大便清稀']",10,,
23,脾虛濕困證,"脘胃痞悶,脘腹隱痛,飲食減少,不思飲食,口中粘膩",舌淡、舌胖、苔白滑、苔白膩,脈濡、脈緩,痰飲,"咳痰量多,色白而稀,食少,脘脹,便溏",治宜建脾燥濕,二陳湯(《和劑局方》,二陳湯(《和劑局方》)：<甘草( 炙) 、半夏、陳皮、茯苓、生薑>。,,"['脘胃痞悶', '脘腹隱痛', '口中粘膩', '色白而稀', '脘脹', '食少', '不思飲食', '咳痰量多', '飲食減少', '便溏']",10,,
24,肺氣虛證,"喘咳,氣短,聲音低怯,自汗,畏風",舌胖質淡、苔白,脈虛弱,咳嗽,"咳嗽,氣短,痰液清稀,語聲低微,疲乏",治宜補益肺氣，健脾化痰,六君子湯(《婦人良方》)：,六君子湯(《婦人良方》)：<人蔘、白朮、茯苓、甘草、陳皮、半夏。>加減。,,"['自汗', '疲乏', '畏風', '咳嗽', '喘咳', '氣短', '痰液清稀', '語聲低微', '聲音低怯']",9,,
25,肺陰虛證,"乾咳,痰少而粘,痰中帶血,咽乾,聲音嘶啞",舌紅少津,脈細數,咳嗽,"乾咳,少痰,痰中帶血,咽乾,潮熱",治宜滋養肺陰，肅肺止咳,沙參麥冬湯(《溫病條辨》),沙參麥冬湯(《溫病條辨》)：<玉竹、天花粉、甘草、白扁豆、麥門冬、桑葉、沙參、瓜簍根>加減。,,"['乾咳', '痰少而粘', '痰中帶血', '潮熱', '咽乾', '少痰', '聲音嘶啞']",7,,
26,肺陽虛證,"咳吐涎沫質清稀量多,形寒肢冷,自汗,背寒如掌大,易感冒",舌質胖淡、苔白滑潤,脈遲緩、脈遲弦,肺痿,"吐涎沫質清稀量多,短氣息微,形寒肢冷,神疲乏力,飲食減少",治宜溫肺健脾，益氣化涎,甘草乾薑湯(《金匱要略》)：,甘草乾薑湯(《金匱要略》)：<甘草、乾薑>合四君子湯(《太平惠民和劑局方》)：<甘草、白朮、茯苓、人參>加減。,,"['自汗', '易感冒', '吐涎沫質清稀量多', '咳吐涎沫質清稀量多', '短氣息微', '飲食減少', '神疲乏力', '背寒如掌大', '形寒肢冷']",9,,
27,肺氣陰兩虛證,"喘咳氣短,聲音低怯,自汗,盜汗,口燥咽乾",舌質光紅少苔,脈細數無力,咳嗽,"咳嗽氣短,神疲乏力,口燥,咽乾,手足心熱",治宜益氣養陰，清燥潤肺,方用清燥救肺湯(《醫門法律》)：,方用清燥救肺湯(《醫門法律》)：<杏仁、甘草、阿膠、火麻仁、麥門冬、人參、桑葉、石膏、枇杷葉>;若邪熱未盡，氣陰耗傷者，治兼清熱，方用竹葉石膏湯(《傷寒論》)：<甘草、半夏、淡竹葉、大米、麥門冬、人參、石膏>。,,"['自汗', '盜汗', '喘咳氣短', '口燥', '口燥咽乾', '聲音低怯', '咽乾', '神疲乏力', '手足心熱', '咳嗽氣短']",10,,
28,風寒犯肺證,"鼻塞,聲重,噴嚏,流清涕,咳嗽",舌苔薄白,脈浮,感冒,"鼻塞,聲重,噴嚏,咳嗽,痰質稀薄",治宜辛溫解表，宣肺散寒,荊防敗毒散(《外科理例》),荊防敗毒散(《外科理例》)：<荊芥、防風、羌活、獨活、川芎、柴胡、桔梗、枳殼、前胡、人參、茯苓、甘草>。,,"['鼻塞', '咳嗽', '聲重', '噴嚏', '痰質稀薄', '流清涕']",6,,
29,燥邪犯肺證,"乾咳無痰,痰稠不易咳出,咯痰帶血,咽喉疼痛,口鼻乾燥",舌紅、舌苔薄黃乾,脈細數,咳嗽,"乾咳無痰,痰少黏稠難咳,鼻燥,咽乾,咳甚胸痛",治宜清肺潤燥止咳,清燥救肺湯(《醫門法律》,"清燥救肺湯(《醫門法律》)：<杏仁、甘草、阿膠、火麻仁、麥門冬、人參、桑葉、石膏、枇杷葉>。
",,"['咳甚胸痛', '乾咳無痰', '痰少黏稠難咳', '痰稠不易咳出', '鼻燥', '咽喉疼痛', '咽乾', '咯痰帶血', '口鼻乾燥']",9,,
30,寒痰阻肺證,"咳嗽氣喘,痰色白清稀,咳嗽遇冷則甚,喉間痰鳴,胸膈滿悶",舌苔白滑,脈沉遲,哮證,"吸急促,喉間有哮鳴音,痰白粘,痰稀薄多沫,胸膈滿悶如室",宜宣肺定喘化痰,射干麻黃湯《金匱要略》：,射干麻黃湯《金匱要略》：射干、麻黃、生薑、細辛、紫菀、款冬花、五味子、大棗、半夏,,"['喉間有哮鳴音', '吸急促', '痰稀薄多沫', '胸膈滿悶如室', '咳嗽氣喘', '痰白粘', '痰色白清稀', '咳嗽遇冷則甚', '胸膈滿悶', '喉間痰鳴']",10,,
31,痰熱壅肺證,"發熱咳嗽,胸膈滿悶,咳黃稠痰,痰中帶血,呼吸迫促",舌紅、苔黃膩,脈滑數,哮證,"呼吸迫促,喉中有水雞聲,咳嗽痰稠而黃,胸膈滿悶",治宜清熱化痰、平喘降逆,定喘湯《攝生眾妙方》：,"定喘湯《攝生眾妙方》：白果、麻黄、苏子、甘草、款冬花、
杏仁、桑白皮蜜炙、黄芩、法制半夏",,"['喉中有水雞聲', '咳嗽痰稠而黃', '痰中帶血', '呼吸迫促', '發熱咳嗽', '咳黃稠痰', '胸膈滿悶']",7,,
32,水寒射肺證,"咳嗽氣喘,痰涎多而稀白,面色蒼白,面色晦暗,形寒肢冷",苔白膩,脈濡緩或滑,飲證,"胸脅脹滿,咳唾,轉側及呼吸時疼痛加重,氣短息促,苔白",治宜攻逐水飲,十棗湯《傷寒論》,"1-1.體強者:十棗湯《傷寒論》：大棗、大戟、甘遂、芫花
1-2體弱者:享葶藶大棗瀉肺湯《金匱要略》：葶藶子、大棗
",,"['氣短息促', '轉側及呼吸時疼痛加重', '咳唾', '面色蒼白', '面色晦暗', '咳嗽氣喘', '苔白', '胸脅脹滿', '痰涎多而稀白', '形寒肢冷']",10,,
33,腎陰虛證,"五心煩熱,失眠,盜汗,口乾,咽燥",舌質紅,脈細數,遺精,"陽事易舉,夢遺,早洩,頭暈眼花,精神不振",治宜滋腎陰、清虛火,知柏地黃丸《醫方考》,"知柏地黃丸《醫方考》：熟地黃、山萸肉、乾山藥、澤瀉、
牡丹皮、茯苓去皮、知母鹽炒、黃柏鹽炒",,"['五心煩熱', '盜汗', '早洩', '陽事易舉', '頭暈眼花', '精神不振', '口乾', '夢遺', '失眠', '咽燥']",10,,
34,腎陽虛證,"畏寒,面色光白,腰膝酸冷,小便清長,遺尿",舌淡、苔白,尺脈沉細、脈沉遲。,虛勞,"惡寒肢冷,下利清稀,小便清長而多,腰背酸痛,遺精陽萎",治宜溫補命門、兼養精血,右歸丸《景嶽全書》,"右歸丸《景嶽全書》：當歸、杜仲、附子、枸杞子、
鹿角膠、肉桂、山藥、山茱萸、熟地黃、菟蕬子
及龜鹿二仙膠《蘭台軌範》：枸杞子、龜板、鹿角膠、人參 ",,"['小便清長而多', '遺精陽萎', '畏寒', '下利清稀', '面色光白', '遺尿', '腰背酸痛', '惡寒肢冷', '小便清長', '腰膝酸冷']",10,,
35,腎陰陽兩虛證,"畏寒踡臥,手足心熱,口乾,咽燥,喜熱飲","舌根苔白、
舌胖、
舌質稍紅",脈細弱,虛勞,"畏寒而手足心熱,口乾喜熱飲,眩暈,耳鳴,腰膝酸軟",治宜陰陽雙補,右歸丸《景岳全書》,"右歸丸《景岳全書》：當歸、杜仲、附子、枸杞子、
鹿角膠、肉桂、山藥、山茱萸、熟地黃、菟蕬子

左歸丸《景岳全書》：川牛膝、枸杞子、龜板、鹿角膠、山藥、山茱萸、熟地黃、菟蕬子",,"['口乾喜熱飲', '腰膝酸軟', '畏寒而手足心熱', '畏寒踡臥', '口乾', '喜熱飲', '眩暈', '手足心熱', '耳鳴', '咽燥']",10,,
36,腎氣虛證,"聽力減退,耳鳴,頭暈,腰膝酸軟,夜間多尿",舌淡、苔白,脈細弱,耳鳴,"耳聾,眩暈,耳鳴,耳聾,頭暈",治宜補腎理虛,耳聾左慈丸《小兒藥證直訣》,"耳聾左慈丸《小兒藥證直訣》：熟地黃、山茱萸（酒蒸）、山藥、
磁石（醋般）、牡丹皮、茯苓、澤瀉、竹葉柴胡

或右歸丸《景岳全書》：當歸、杜仲、附子、枸杞子、鹿角膠、
肉桂、山藥、山茱萸、熟地黃、菟蕬子 ",,"['腰膝酸軟', '夜間多尿', '頭暈', '聽力減退', '眩暈', '耳聾', '耳鳴']",7,,
37,腎不納氣證,"喘息,氣短,氣不接續,呼多吸少,吸氣為快",舌質淡,脈沉細,喘證,"喘息動則尤甚,氣不接續",治宜補腎納氣,參蛤散《中醫方劑臨床手冊》,"參蛤散《中醫方劑臨床手冊》 :蛤蚧、人參

合七味都氣丸《醫宗己任編》：熟地黃、山茱萸、山藥、澤瀉、茯苓、牡丹皮、 五味子",,"['喘息動則尤甚', '氣不接續', '喘息', '吸氣為快', '呼多吸少', '氣短']",6,,
38,腎陽虛水泛證,"尿少,身腫,腰以下為甚,按之沒指,畏寒肢冷","舌體胖嫩、
舌質淡、
齒痕、
苔白滑",脈沉遲,水腫,"全身浮腫,腰以下腫甚,按之沒指,舌體胖嫩",治宜溫腎暖陽、化氣行水,真武湯《傷寒論》,真武湯《傷寒論》：白芍、生薑、白朮、茯苓、附子,,"['舌體胖嫩', '腰以下為甚', '全身浮腫', '畏寒肢冷', '尿少', '按之沒指', '腰以下腫甚', '身腫']",8,,
39,心肝血虛證,"頭暈,目眩,眼花,耳鳴,心悸",舌淡、苔薄,脈細弦、脈細澀、脈細,不寐,"虛煩不眠,夜夢紛紜,眩暈,心悸",治宜補血養肝、寧心安神,酸棗仁湯《金匱要略》：,酸棗仁湯《金匱要略》：甘草、川芎、茯苓、酸棗仁、知母主之。,,"['目眩', '眼花', '頭暈', '心悸', '夜夢紛紜', '虛煩不眠', '眩暈', '耳鳴']",8,,
40,心肺氣虛證,"心悸氣短,咳嗽,少氣,氣喘促,氣喘促動甚",舌質淡暗、苔薄白,脈沉細弱,咳喘,"咳嗽無力,動則心悸,動則汗出,氣短作喘,口唇青紫",治當補肺定喘、益氣養心,補肺湯《永類鈴方》,補肺湯《永類鈴方》：人参、黄芪、熟地、五味子、紫菀、桑白皮 加減,,"['心悸氣短', '咳嗽無力', '動則汗出', '氣短作喘', '咳嗽', '動則心悸', '少氣', '口唇青紫', '氣喘促動甚', '氣喘促']",10,,
41,心脾兩虛證,"心悸,健忘,少寐,多夢,面色萎黃",舌質淡嫩、苔白,脈細弱,虛勞,"心悸,怔忡,健忘,失眠,多夢",治宜補益心脾,歸脾湯《濟生方》,"歸脾湯《濟生方》：甘草、生薑、大棗、白朮、當歸、茯神、
黃耆、龍眼肉、木香、人參、酸棗仁、遠志",,"['多夢', '心悸', '怔忡', '健忘', '少寐', '面色萎黃', '失眠']",7,,
42,心腎陽虛證,"形寒,肢冷,心悸,怔忡,尿少",舌淡暗、舌青紫、苔白滑,脈沉微,水腫,"全身水腫,肢冷畏寒,心悸,短氣,胸悶",治宜溫補心腎、利水消腫,保元湯《景嶽全書》,"保元湯《景嶽全書》：人參、黃耆、肉桂、甘草
合真武湯《傷寒論》:白芍、生薑、白朮、茯苓、附子 加減",,"['胸悶', '心悸', '怔忡', '短氣', '全身水腫', '肢冷', '尿少', '形寒', '肢冷畏寒']",9,,
43,心腎不交證,"心煩,失眠,多夢,遺精,腰瘦腿軟","舌質紅,
舌苔少或無苔",脈細數,驚悸怔忡,"心停不寧,遇驚而發或加重,煩而不寐,舌紅苔少,脈細數為主症","治宜養陰血,清心安神",天王補心丹《世醫得效方》,"1.天王補心丹《世醫得效方》:生地黃、人參、白茯苓、遠志、石菖蒲、
玄參、柏子仁、桔梗、天門冬、丹參、酸棗仁、甘草、麥門冬、百部、
杜仲、茯神、當歸、五味子
2.朱砂安神丸《東垣十書·內外傷辨》:朱砂、黃連、炙甘草、生地黃、當歸
3.六味地黃丸: 熟地黃、山茱萸、山藥、澤瀉、丹皮、茯苓",,"['煩而不寐', '腰瘦腿軟', '多夢', '遇驚而發或加重', '心煩', '舌紅苔少', '脈細數為主症', '失眠', '心停不寧', '遺精']",10,,
44,肝脾不調證,"胸脅脹滿,胸脅疼痛,善太息,精神抑鬱,心煩",苔白、苔膩,脈弦,泄瀉,"胸脅痞悶,噯氣,食少,憤怒腹痛泄瀉,抑鬱腹痛泄瀉",治宜抑肝扶牌,痛瀉要方《丹溪心法》,痛瀉要方《丹溪心法》:炒白朮、白芍、陳皮、防風,,"['胸脅疼痛', '抑鬱腹痛泄瀉', '心煩', '精神抑鬱', '憤怒腹痛泄瀉', '食少', '善太息', '胸脅脹滿', '胸脅痞悶', '噯氣']",10,,
45,肝火犯肺證,"咳嗽陣作,氣逆,咯痰黃粘,咳吐鮮血,胸脅疼痛",舌紅、苔薄黃,脈弦數,咳嗽,"咳嗽陣作,胸中氣逆嗆,咳時胸脅引痛,咯痰黃稠少,面紅",治宜泄肺清金、平木降火,丹青飲《醫醇騰義》,"丹青飲《醫醇騰義》:赭石、麥冬、杭菊、石斛、潼蒺藜、白蒺藜、
沙參、桑葉、橘紅、貝母、杏仁、旋覆花",,"['胸脅疼痛', '咯痰黃粘', '咳嗽陣作', '咯痰黃稠少', '氣逆', '咳吐鮮血', '胸中氣逆嗆', '面紅', '咳時胸脅引痛']",9,,
46,肝腎陰虛證,"視物昏花,雀盲,筋脈拘急,麻木,抽搐",舌紅、少苔、無苔,脈沉弦細數,脅痛,"脅肋隱痛,脅痛綿綿不休,伴有腰膝痠軟,頭暈,目眩",治宜滋補肝腎,一貫煎《柳洲醫話》,一貫煎《柳洲醫話》:北沙參、麥冬、當歸、生地黃、枸杞子、川楝子,,"['目眩', '雀盲', '頭暈', '脅痛綿綿不休', '視物昏花', '抽搐', '麻木', '伴有腰膝痠軟', '脅肋隱痛', '筋脈拘急']",10,,
47,脾肺氣虛證,"咳喘日久,痰白稀,胸悶,氣短,聲低",舌淡、苔白,脈細弱,感冒,"發熱,惡寒,頭疼,身痛,舌苔薄白","1.治宜益氣解表,宣肺化痰

2.自汗多、常感冒 : 
則宜益氣固表、托邪外出、祛風止汗",參蘇飲《和劑局方》,"1.參蘇飲《和劑局方》:人參、蘇葉、乾葛、前胡、半夏、茯苓、
陳皮、甘草、桔梗、
枳殼、生薑、大棗
2.玉屏風散《丹溪心法》：防風、黃耆、白朮、生薑
3.氣虛甚者: 補中益氣湯：黃耆、甘草、人參、當歸身、
陳皮、升麻、柴胡、白朮",,"['痰白稀', '胸悶', '頭疼', '發熱', '氣短', '咳喘日久', '惡寒', '舌苔薄白', '身痛', '聲低']",10,,
48,脾腎陽虛證,"形寒,肢冷,面色光白,消瘦,神疲",舌質淡胖、舌齒痕,脈沉遲細弱,虛勞,"食少,便溏,泄瀉,形體羸弱,虛怯",治療當溫補脾腎,附子理中湯《閻氏小兒方論》,"附子理中湯《閻氏小兒方論》:附子、干姜、黨参、炒白术、炙甘草
合右歸丸《景岳全書》:熟地黃、山藥、枸杞子、菟絲子、杜仲、
鹿角膠、山茱萸、當歸、附子、肉桂",,"['泄瀉', '消瘦', '虛怯', '面色光白', '食少', '肢冷', '形體羸弱', '形寒', '便溏', '神疲']",10,,
49,肺脾腎陽虛證,"咳嗽,氣喘,短氣,吐痰,自汗",舌淡胖、舌齒痕,脈弱,哮喘,"遇寒即發,遇勞即發",以扶正氣、培元固本,麻黃湯《金匱要略》,"1.發作之時:《金匱要略》
麻黃湯：麻黃、桂枝、甘草、杏仁
小青龍湯：麻黃、芍藥、五味子、乾薑、甘草、細辛、桂枝、半夏
射于麻黃湯：射干、麻黃、生薑、細辛、紫苑、款冬花、五味子、大棗、半夏

2.緩解時:《景岳全書》
金匱腎氣丸：乾地黃、薯蕷、山茱萸、澤瀉、茯苓、牡丹皮、桂枝、附子
右歸丸：熟地黃、山藥、枸杞子、菟絲子、杜仲、鹿角膠、山茱萸、當歸、附子、肉桂
大補元煎：人參、山藥、熟地、杜仲、當歸、山茱萸、枸杞子、甘草",,"['短氣', '遇寒即發', '氣喘', '自汗', '吐痰', '遇勞即發', '咳嗽']",7,,
50,肺腎陰虛證,"咳嗽痰少,痰中帶血,口燥,咽乾,聲音嘶啞",舌紅、少苔,脈細數,咳嗽,"咳嗽少痰,痰中帶血,五心煩熱,咳嗽入夜尤甚,咽喉乾燥",治療宜滋養腎陰、潤肺止咳,月華丸《醫學心悟》,"月華丸《醫學心悟》:天冬、生地、麥冬、熟地、山藥、百部、
沙參、川貝母、真阿膠、茯苓、獺肝、廣三七
用白菊花及桑葉熬膏，將阿膠化入膏內和藥，稍加煉蜜為丸",,"['五心煩熱', '咳嗽少痰', '咳嗽入夜尤甚', '口燥', '痰中帶血', '咽喉乾燥', '咽乾', '咳嗽痰少', '聲音嘶啞']",9,,
51,膽氣虛證,"膽怯,怔忡,易驚恐,遇事不決,夜寐不安",舌質淡紅,脈弦細,惊悸,"頭暈欲嘔,膽怯,易驚,坐臥不安,虛煩不眠",治應化痰降濁、溫膽甯神,溫膽湯《千金方》,溫膽湯《千金方》:半夏、竹茹、枳實、橘皮、甘草、生薑,,"['夜寐不安', '易驚', '坐臥不安', '怔忡', '虛煩不眠', '易驚恐', '膽怯', '遇事不決', '頭暈欲嘔']",9,,
52,膽熱證,"頭暈,耳鳴,口苦,咽乾,心煩",舌紅、苔黃,脈弦,眩暈,"頭暈,目眩,胸脅苦滿,口苦,嘔吐苦水",治當瀉膽清熱,龍膽瀉肝湯《醫宗金鑒》,"龍膽瀉肝湯《醫宗金鑒》:龍膽草、梔子、黃芩、柴胡、生地黃、 
澤瀉、當歸、車前子、木通、甘草 ",,"['胸脅苦滿', '目眩', '心煩', '頭暈', '咽乾', '口苦', '嘔吐苦水', '耳鳴']",8,,
53,膽鬱痰擾證,"眩暈,口苦,嘔惡,煩躁,失眠",舌苔黃膩,脈弦滑,眩暈,"口苦,嘔惡,胸悶,右脅不舒,納呆",治宜清熱化痰、平肝潛陽,溫膽湯《千金方》,溫膽湯《千金方》半夏、竹茹、枳實、橘皮、甘草、 生薑 加天麻、鉤藤,,"['煩躁', '胸悶', '納呆', '右脅不舒', '失眠', '嘔惡', '口苦', '眩暈']",8,,
54,胃氣虛證,"胃脘隱痛,胃痛按之痛減,不思飲食,食後不易消化,食入則吐",舌質淡、苔白,脈虛弱,胃脘痛,"胃脘疼痛日久,胃痛隱隱作痛,胃痛空腹明顯,胃痛得食稍減,胃痛得按覺舒",治宜補益胃氣,黃芪建中湯《金匱要略》,黃芪建中湯《金匱要略》:黃耆、桂枝、白芍、甘草、生薑、大棗、飴糖,,"['胃痛按之痛減', '胃脘隱痛', '胃痛隱隱作痛', '胃痛空腹明顯', '胃痛得按覺舒', '胃痛得食稍減', '食後不易消化', '不思飲食', '胃脘疼痛日久', '食入則吐']",10,,
55,胃陰虛證,"不思飲食,飲食減少,飢而不食,口咽乾燥,咽乾舌燥",舌紅、少苔,脈細數,胃脘痛,"胃脘隱隱作痛,納呆,喜稀軟,胃燥乾噦,舌瘦",治宜養陰和胃緩痛,沙參麥冬湯《溫病條辨》,沙參麥冬湯《溫病條辨》：沙參、玉竹、生甘草、冬桑葉、麥冬、生扁豆、花粉,,"['咽乾舌燥', '納呆', '飢而不食', '舌瘦', '不思飲食', '口咽乾燥', '喜稀軟', '胃燥乾噦', '胃脘隱隱作痛', '飲食減少']",10,,
56,胃寒證,"胃中發涼,胃伏冰狀,冷痛,脹滿,泛吐清水",舌淡、苔白滑,脈弦、脈遲,胃脘痛,"胃脘突然劇痛,胃痛拒按,局部冰冷,胃痛遇寒痛甚,胃痛得溫則緩",治宜溫胃散寒止痛,良附丸《良方集腋》,良附丸《良方集腋》:高良薑、香附 可加：青皮、木香、當歸、乾薑、沉香,,"['泛吐清水', '胃伏冰狀', '胃脘突然劇痛', '胃痛拒按', '冷痛', '局部冰冷', '胃痛得溫則緩', '脹滿', '胃中發涼', '胃痛遇寒痛甚']",10,,
57,胃氣上逆證,"不思飲食,院部脹痛,噁心,嘔吐,噯氣",苔薄白、苔白膩,脈弦滑,呃逆,"喉間呃呃連聲,聲短而頻",治療應以降逆止呃為主,丁香柿蒂湯《 症因脈治》,"丁香柿蒂湯《 症因脈治》:丁香、柿蒂、人參、生薑
加旋複花、批杷葉、刀豆子等",,"['喉間呃呃連聲', '噁心', '不思飲食', '聲短而頻', '嘔吐', '院部脹痛', '噯氣']",7,,
58,胃熱證,"多食善饑,渴喜冷飲,胃脘疼痛,胃脘灼熱感,口噦",舌紅、苔黃,脈數有力,胃脘痛,"胃院灼熱陣痛,痛勢急,口渴喜冷飲,便秘,便赤",治宜清熱安胃,小陷胸湯《傷寒論》,小陷胸湯《傷寒論》:黃連、半夏、瓜蔞實,,"['胃院灼熱陣痛', '口噦', '口渴喜冷飲', '痛勢急', '胃脘疼痛', '便赤', '渴喜冷飲', '胃脘灼熱感', '便秘', '多食善饑']",10,,
59,大腸濕熱證,"下利粘液或便膿血,裡急後重,便物如醬,便如黃水而工門灼熱,並見腹痛",舌苔黃膩,脈象滑數,腹痛,"下腹部明顯,大便粘滯不暢而門灼熱,痛而拒按,不喜溫暖",治當調氣導滯、清化濕熱,芍藥湯《素問病機氣宜 保命集》,"芍藥湯《素問病機氣宜 保命集》:芍藥、黃連、黃芩、大黃、
當歸、檳榔、木香、肉桂、甘草",,"['便如黃水而工門灼熱', '便物如醬', '大便粘滯不暢而門灼熱', '痛而拒按', '下腹部明顯', '不喜溫暖', '裡急後重', '下利粘液或便膿血', '並見腹痛']",9,,
60,大腸結熱證,"大便乾燥秘結,肛門灼熱,口乾煩渴,小便短赤,腹脹硬滿","舌苔黃燥,
甚則黑褐起芒刺",脈象洪數有力,便秘,"口乾煩渴喜飲,肛門灼熱,小便黃赤,舌紅苔黃燥,脈洪數有力",治宜清瀉結熱,涼膈散 《和劑局方》,"涼膈散 《和劑局方》:川大黃、朴硝、甘草、山梔子仁、
薄荷葉、黃芩、連翹、竹葉",,"['口乾煩渴喜飲', '口乾煩渴', '肛門灼熱', '脈洪數有力', '小便短赤', '小便黃赤', '大便乾燥秘結', '腹脹硬滿', '舌紅苔黃燥']",9,,
61,大腸津虧證,"大便乾結,排便困難,努責難下,甚則便秘,口乾口臭","舌紅少津,苔黃",脈細或兼數,便秘,"便乾結,口乾口臭,小便短赤,舌紅少津苔黃,脈細數","治宜泄熱潤腸通便

",清燥潤腸湯《醫醇嚴義》,"1-1.清燥潤腸湯《醫醇嚴義》:生地，熟地，當歸，麻仁，蔞仁，
郁李仁，石斛，枳殼，青皮，金橘餅
1-2.五仁丸《世醫得效方》:桃仁、  杏仁、  柏子仁、  松子仁、 郁李仁、  陳皮
",,"['口乾口臭', '排便困難', '小便短赤', '努責難下', '甚則便秘', '脈細數', '大便乾結', '便乾結', '舌紅少津苔黃']",9,,
62,小腸氣滯證,"少腹絞痛,腹脹腸鳴,陰囊疝痛",苔薄白,脈沉弦或弦滑,寒症,"陰囊收縮引痛,喜暖畏寒,形寒足冷,造白,脈沉弦等症",治宜溫肝散寒,暖肝煎《景岳全書》:,暖肝煎《景岳全書》:當歸、枸杞子、小茴香、肉桂、烏藥、沉香、木香、茯苓、生薑,,"['喜暖畏寒', '陰囊疝痛', '腹脹腸鳴', '脈沉弦等症', '少腹絞痛', '形寒足冷', '造白', '陰囊收縮引痛']",8,,
63,膀胱虛寒證,"小便頻數而清長,餘瀝不盡,遺尿,或小便失禁,面白神疲",舌淡苔白,脈沉弱,遺尿,"中尿液遺出,醒後始覺,面色無華,形體消瘦,精神不足","治宜調補心腎,固澀止遺",桑螵蛸散《本草衍義》:,桑螵蛸散《本草衍義》:桑螵蛸、遠志、石菖蒲、龍骨、人參、茯神、當歸、龜板,,"['或小便失禁', '精神不足', '醒後始覺', '遺尿', '面白神疲', '形體消瘦', '餘瀝不盡', '小便頻數而清長', '中尿液遺出', '面色無華']",10,,
64,心胃火盛證,"胃灼痛,心煩懷愧,嘔血或吐血,口舌生瘡,牙眼腫痛或齒姐","舌紅,苔黃",脈滑數,吐血,"吐出血色鮮紅或暗紫,夾有食物殘渣","治則當以清瀉心胃之火,佐以止血之法",瀉心湯《金匱要略》:,"瀉心湯《金匱要略》:大黃、 黃連、黃芩

與十灰散《十藥神書》:大薊、小薊、荷葉、側柏葉、白茅根、
茜草根、梔子、大黃、丹皮、棕櫚 合方",,"['心煩懷愧', '口舌生瘡', '胃灼痛', '吐出血色鮮紅或暗紫', '夾有食物殘渣', '嘔血或吐血', '牙眼腫痛或齒姐']",7,,
65,肝膽濕熱證,"口苦,納呆,嘔惡,腹脹,脅肋脹痛",舌苔黃膩,脈弦數,脅痛,"口苦,脅肋脹痛,舌紅苔黃膩,脈弦數",治療應清熱利濕、疏肝理氣,龍膽瀉肝湯《醫宗金鑒》:,"龍膽瀉肝湯《醫宗金鑒》:龍膽草、梔子、黃芩、柴胡、生地黃、
澤瀉、當歸、車前子、木通、甘草  加川練、元胡",,"['舌紅苔黃膩', '納呆', '脅肋脹痛', '腹脹', '脈弦數', '嘔惡', '口苦']",7,,
66,肝膽不合證,"胃腸脹滿疼痛,引及兩脅痛,呢逆暖氣,吞酸嘈雜,食入不化",苔薄白或薄黃,脈弦,胃脘痛,"胃脘脹滿,功痛連協,甚則兩脇䐜脹難受,噯氣頻頻,苔多薄白",治宜疏肝理氣，和胃止痛,柴胡疏肝湯《景岳全書》:,柴胡疏肝湯《景岳全書》:香附、白芍、柴胡、川芎、枳殼、陳皮、甘草,,"['呢逆暖氣', '引及兩脅痛', '苔多薄白', '甚則兩脇䐜脹難受', '噯氣頻頻', '胃脘脹滿', '吞酸嘈雜', '食入不化', '胃腸脹滿疼痛', '功痛連協']",10,,
67,食傷脾胃證,"胃院脹滿疼痛,拒按,嘔吐酸腐,暖氣厭食或腸鳴腹痛,瀉下類便",舌苔厚膩,脈滑或弦滑,胃痛,"胃脘部脹滿疼痛,拒按,暖氣吞酸或嘔吐不消化食物,吐後痛減",治宜消食導滯,保和丸《丹溪心法》,保和丸《丹溪心法》:神麯、山楂、茯苓、半夏、陳皮、連翹、萊菔子,,"['暖氣厭食或腸鳴腹痛', '拒按', '嘔吐酸腐', '暖氣吞酸或嘔吐不消化食物', '瀉下類便', '吐後痛減', '胃脘部脹滿疼痛', '胃院脹滿疼痛']",8,,
68,脾胃濕熱證,"腹痞悶,嘔惡厭食,肢體困重,大便溏泄而惡臭,小便短赤","舌質紅,舌苔黃膩",脈濡數,濕阻,"口苦粘膩,脈濡數",治療應清熱化濕,連補飲《霍亂論》,"1.連補飲《霍亂論》:炙厚朴、川連(薑汁炒)、石菖蒲、
炙半夏、香豉(炒)、 焦山梔、蘆根

2.甘露消毒丹(《溫熱經緯》:飛滑石、綿茵陳、黃芩、石菖蒲、
川貝、木通、藿香、射干、連翹、薄荷、白豆蔻",,"['嘔惡厭食', '大便溏泄而惡臭', '腹痞悶', '脈濡數', '肢體困重', '小便短赤', '口苦粘膩']",7,,
69,胃強脾弱證,"消穀善饑,形體消瘦,嘈雜腹脹,大便溏泄,心煩頭腦",舌質紅,脈細弦帶數,黃疸,"嘈雜,食入腹脹,心煩頭眩,大便溏泄","治宜調理脾胃,消食和中",小柴胡湯《傷寒論》:,"小柴胡湯《傷寒論》:柴胡、黃芩、人參、半夏、甘草、生薑、大棗
加自朮、枳殼、山梔",,"['嘈雜腹脹', '心煩頭眩', '消穀善饑', '心煩頭腦', '形體消瘦', '食入腹脹', '嘈雜', '大便溏泄']",8,,
70,寒濕鬱肺證(輕型),"發熱,乏力,周身酸痛,咳嗽,咯痰",舌質淡胖、舌齒痕、舌淡紅、苔白厚腐膩、苔白膩,脈濡、脈滑,COVID19,COVID19,COVID特方,寒濕疫方,寒濕疫方：<生麻黃6 g、生石膏15 g、杏仁9 g、羌活15 g、葶藶子15 g、貫眾9 g、地龍15 g、徐長卿15 g，藿香15 g、佩蘭9 g、蒼朮15 g、雲苓45 g、生白朮30 g、焦三仙各9 g、厚朴15 g、焦檳榔9 g、煨草果9 g、生薑15 g>。,服法：每日1劑，水煎600 mL，分3次服用，早中晚各1次，飯前服用。,"['咯痰', '周身酸痛', 'COVID19', '乏力', '發熱', '咳嗽']",6,,
71,濕熱蘊肺證(輕型),"低熱,不發熱,微惡寒,乏力,頭身困重",舌淡紅、苔白厚膩、苔薄黃,脈滑數、脈濡,COVID19,COVID19,COVID特方,檳榔10 g、草果10 g、厚朴10 g、知母10 g、黃芩10 g etc,檳榔10 g、草果10 g、厚朴10 g、知母10 g、黃芩10 g，柴胡10 g、赤芍10 g、連翹15 g、青蒿10 g(後下)、蒼朮10 g、大青葉10 g、生甘草5 g。,服法：每日1劑，水煎400 mL，分2次服用，早晚各1次。,"['頭身困重', '微惡寒', '乏力', 'COVID19', '低熱', '不發熱']",6,,
72,濕毒鬱肺證(普通型),"發熱,咳嗽痰少,咳嗽黃痰,憋悶氣促,腹脹",舌質暗紅、舌體胖、苔黃膩、苔黃燥,脈滑數、脈弦滑。,COVID19,COVID19,COVID特方,宣肺敗毒方,宣肺敗毒方：<生麻黃6 g、苦杏仁15 g、生石膏30 g、生薏苡仁30 g、茅蒼朮10 g、廣藿香15 g、青蒿草12 g、虎杖20 g、馬鞭草30 g、幹蘆根30 g、葶藶子15 g、化橘紅15 g、生甘草10 g。,服法：每日1劑、水煎400 mL，分2次服用、早晩各1次。,"['憋悶氣促', '腹脹', 'COVID19', '發熱', '咳嗽痰少', '咳嗽黃痰']",6,,
73,寒濕阻肺證(普通型),"低熱,身熱不揚,未熱,乾咳,少痰",舌質淡、舌質淡紅、苔白、苔白膩、,脈濡,COVID19,COVID19,COVID特方,"蒼朮15 g、陳皮10 g、厚朴10 g、藿香10 g, etc",蒼朮15 g、陳皮10 g、厚朴10 g、藿香10 g、草果6 g、生麻黃6 g、羌活10 g、生薑10 g、檳榔10 g。,服法：每日1劑，水煎400 mL，分2次服用，早晩各1次。,"['乾咳', '未熱', 'COVID19', '少痰', '身熱不揚', '低熱']",6,,
74,疫毒閉肺證(重型),"發熱,面紅,咳嗽,痰黃粘少,痰中帶血",舌紅、苔黃膩,脈滑數,COVID19,COVID19,COVID特方,化濕敗毒方,化濕敗毒方：<生麻黃6 g、杏仁9 g、生石膏15 g、甘草3 g、藿香10 g(後下)、厚朴10 g、蒼朮15 g、草果10 g、法半夏9 g、茯苓15 g、生大黃5 g(後下)、生黃芪10 g、葶藶子10 g、赤芍10 g。,服法：每日1～2劑，水煎服，每次100～200 mL，每日2～4次，口服或鼻飼。,"['COVID19', '面紅', '發熱', '痰黃粘少', '咳嗽', '痰中帶血']",6,,
75,氣營兩燔證(重型),"大熱煩渴,喘憋氣促,譫語,神昏,視物錯瞀",舌絳、少苔、無苔,脈沉細數、脈浮大而數,COVID19,COVID19,COVID特方,生石膏30～60 g(先煎)、知母30 g、etc,生石膏30～60 g(先煎)、知母30 g、生地30～60 g、水牛角30 g(先煎)、赤芍30 g、玄參30 g、連翹15 g、丹皮15 g、黃連6 g、竹葉12 g、葶藶子15 g、生甘草6 g。,服法：每日1劑，水煎服，先煎石膏、水牛角後下諸藥，每次100～200 mL，每日2～4次，口服或鼻飼。,"['視物錯瞀', '大熱煩渴', '神昏', 'COVID19', '譫語', '喘憋氣促']",6,,
76,輕症方,一般住院隔離病患（含無症帶原與初發作症狀者）,無,無,COVID19,"COVID19,輕症",COVID特方,魚腥草五錢、板藍根五錢、荊芥三錢、防風二錢、桑葉三錢、etc,"魚腥草五錢、板藍根五錢、荊芥三錢、防風二錢、桑葉三錢、黃芩三錢、全瓜蔞五錢、厚朴三錢、薄荷三錢、炙甘草二錢
濃縮中藥處方：以下為一日量，分 3 包，5 g. TID。
    板藍根 1.5 g、魚腥草 3.0 g、黃芩 1.5 g、全瓜蔞 2.0 g
    荊芥 1.0 g、防風 1.0 g、桑葉 1.5 g、厚朴 1.5 g、薄荷 1.0 g、甘草 1.0 g",飲片：每日 1 劑，1000 cc水煎成 300 cc藥汁，三餐飯後半小時服，100 cc/次。衛生福利部國家中醫藥研究所,"['輕症', '一般住院隔離病患（含無症帶原與初發作症狀者）', 'COVID19']",3,,
77,重症方,"加護病房患者（肺炎發作,咳嗽,發熱症狀明顯者）",無,無,COVID19,"COVID19,重症",COVID特方,魚腥草一兩、板藍根五錢、生石膏三錢etc,魚腥草一兩、板藍根五錢、生石膏三錢、全瓜蔞五錢、荊芥三錢、薄荷三錢、桑葉三錢、炙甘草二錢、厚朴三錢,飲片：每日 1 劑，1200 cc水煎成 300 cc藥汁，三餐飯後半小時服，100 cc/次。衛生福利部國家中醫藥研究所,"['COVID19', '重症', '加護病房患者（肺炎發作', '咳嗽', '發熱症狀明顯者）']",5,,
78,危重症方,插管治療病患（肺炎嚴重發展者）,無,無,COVID19,"COVID19,危重症",COVID特方,製附子一錢半、玉竹三錢、炙甘草二錢 etc,製附子一錢半、玉竹三錢、炙甘草二錢、茯苓五錢、薑半夏三錢、魚腥草一兩、綿茵陳五錢、黃芩三錢、全瓜蔞五錢、厚朴三錢,衛飲片：每日 1 劑，1200 cc水煎成 300 cc藥汁，三餐飯後半小時服，100 cc/次。福利部國家中醫藥研究所,"['插管治療病患（肺炎嚴重發展者）', 'COVID19', '危重症']",3,,
79,恢復期,無明顯發展肺纖維化,無,無,COVID19,"COVID19,恢復",COVID特方,北沙參三錢、麥冬三錢、生地三錢、丹皮三錢、茯苓五錢、etc,"北沙參三錢、麥冬三錢、生地三錢、丹皮三錢、茯苓五錢、炒白朮二錢、全瓜蔞五錢、綿茵陳五錢、黃芩三錢、桑葉三錢、厚朴三錢、甘草二錢。
濃縮中藥處方：以下為一日量，分 3 包，5 g. TID。
    茯苓 1.5 g、丹皮 1.5 g、麥冬 1.5 g、桑葉 1.5 g
    綿茵陳 2.0 g、全瓜蔞 3.0 g、黃芩 1.5 g、厚朴 1.0 g、甘草 1.5 g",飲片：每日 1 劑，1200 cc水煎成 300 cc藥汁，早晚餐後半小時服，150 cc。衛生福利部國家中醫藥研究所,"['恢復', '無明顯發展肺纖維化', 'COVID19']",3,,
80,恢復期,發展肺纖維化,無,無,COVID19,"COVID19,恢復",COVID特方,炙甘草三錢、製附子一錢、桂枝二錢、etc,炙甘草三錢、製附子一錢、桂枝二錢、北沙參三錢、全瓜蔞五錢、黃芩三錢、生地三錢、生玉竹三錢、綿茵陳五錢、丹皮三錢、枳殼三錢,飲片：每日 1 劑，1200 cc水煎成 300 cc藥汁，早晚餐後半小時服，150 cc。衛生福利部國家中醫藥研究所,"['恢復', '發展肺纖維化', 'COVID19']",3,,
